username,mail,password
goshor652,goshor652@test.com,123456
goshor653,goshor653@test.com,123456
goshor654,goshor654@test.com,123456
goshor655,goshor655@test.com,123456
goshor656,goshor656@test.com,123456
goshor657,goshor657@test.com,123456
goshor658,goshor658@test.com,123456
goshor659,goshor659@test.com,123456
goshor660,goshor660@test.com,123456
goshor661,goshor661@test.com,123456
goshor662,goshor662@test.com,123456
goshor663,goshor663@test.com,123456
goshor664,goshor664@test.com,123456
goshor665,goshor665@test.com,123456
goshor666,goshor666@test.com,123456
goshor667,goshor667@test.com,123456
goshor668,goshor668@test.com,123456
goshor669,goshor669@test.com,123456
goshor670,goshor670@test.com,123456
goshor671,goshor671@test.com,123456
goshor672,goshor672@test.com,123456
goshor673,goshor673@test.com,123456
goshor674,goshor674@test.com,123456
goshor675,goshor675@test.com,123456
goshor676,goshor676@test.com,123456
goshor677,goshor677@test.com,123456
goshor678,goshor678@test.com,123456
goshor679,goshor679@test.com,123456
goshor680,goshor680@test.com,123456
goshor681,goshor681@test.com,123456
goshor682,goshor682@test.com,123456
goshor683,goshor683@test.com,123456
goshor684,goshor684@test.com,123456
goshor685,goshor685@test.com,123456
goshor686,goshor686@test.com,123456
goshor687,goshor687@test.com,123456
goshor688,goshor688@test.com,123456
goshor689,goshor689@test.com,123456
goshor690,goshor690@test.com,123456
goshor691,goshor691@test.com,123456
goshor692,goshor692@test.com,123456
goshor693,goshor693@test.com,123456
goshor694,goshor694@test.com,123456
goshor695,goshor695@test.com,123456
goshor696,goshor696@test.com,123456
goshor697,goshor697@test.com,123456
goshor698,goshor698@test.com,123456
goshor699,goshor699@test.com,123456
goshor700,goshor700@test.com,123456
goshor701,goshor701@test.com,123456
goshor702,goshor702@test.com,123456
goshor703,goshor703@test.com,123456
goshor704,goshor704@test.com,123456
goshor705,goshor705@test.com,123456
goshor706,goshor706@test.com,123456
goshor707,goshor707@test.com,123456
goshor708,goshor708@test.com,123456
goshor709,goshor709@test.com,123456
goshor710,goshor710@test.com,123456
goshor711,goshor711@test.com,123456
goshor712,goshor712@test.com,123456
goshor713,goshor713@test.com,123456
goshor714,goshor714@test.com,123456
goshor715,goshor715@test.com,123456
goshor716,goshor716@test.com,123456
goshor717,goshor717@test.com,123456
goshor718,goshor718@test.com,123456
goshor719,goshor719@test.com,123456
goshor720,goshor720@test.com,123456
goshor721,goshor721@test.com,123456
goshor722,goshor722@test.com,123456
goshor723,goshor723@test.com,123456
goshor724,goshor724@test.com,123456
goshor725,goshor725@test.com,123456
goshor726,goshor726@test.com,123456
goshor727,goshor727@test.com,123456
goshor728,goshor728@test.com,123456
goshor729,goshor729@test.com,123456
goshor730,goshor730@test.com,123456
goshor731,goshor731@test.com,123456
goshor732,goshor732@test.com,123456
goshor733,goshor733@test.com,123456
goshor734,goshor734@test.com,123456
goshor735,goshor735@test.com,123456
goshor736,goshor736@test.com,123456
goshor737,goshor737@test.com,123456
goshor738,goshor738@test.com,123456
goshor739,goshor739@test.com,123456
goshor740,goshor740@test.com,123456
goshor741,goshor741@test.com,123456
goshor742,goshor742@test.com,123456
goshor743,goshor743@test.com,123456
goshor744,goshor744@test.com,123456
goshor745,goshor745@test.com,123456
goshor746,goshor746@test.com,123456
goshor747,goshor747@test.com,123456
goshor748,goshor748@test.com,123456
goshor749,goshor749@test.com,123456
goshor750,goshor750@test.com,123456
goshor751,goshor751@test.com,123456
goshor752,goshor752@test.com,123456
goshor753,goshor753@test.com,123456
goshor754,goshor754@test.com,123456
goshor755,goshor755@test.com,123456
goshor756,goshor756@test.com,123456
goshor757,goshor757@test.com,123456
goshor758,goshor758@test.com,123456
goshor759,goshor759@test.com,123456
goshor760,goshor760@test.com,123456
goshor761,goshor761@test.com,123456
goshor762,goshor762@test.com,123456
goshor763,goshor763@test.com,123456
goshor764,goshor764@test.com,123456
goshor765,goshor765@test.com,123456
goshor766,goshor766@test.com,123456
goshor767,goshor767@test.com,123456
goshor768,goshor768@test.com,123456
goshor769,goshor769@test.com,123456
goshor770,goshor770@test.com,123456
goshor771,goshor771@test.com,123456
goshor772,goshor772@test.com,123456
goshor773,goshor773@test.com,123456
goshor774,goshor774@test.com,123456
goshor775,goshor775@test.com,123456
goshor776,goshor776@test.com,123456
goshor777,goshor777@test.com,123456
goshor778,goshor778@test.com,123456
goshor779,goshor779@test.com,123456
goshor780,goshor780@test.com,123456
goshor781,goshor781@test.com,123456
goshor782,goshor782@test.com,123456
goshor783,goshor783@test.com,123456
goshor784,goshor784@test.com,123456
goshor785,goshor785@test.com,123456
goshor786,goshor786@test.com,123456
goshor787,goshor787@test.com,123456
goshor788,goshor788@test.com,123456
goshor789,goshor789@test.com,123456
goshor790,goshor790@test.com,123456
goshor791,goshor791@test.com,123456
goshor792,goshor792@test.com,123456
goshor793,goshor793@test.com,123456
goshor794,goshor794@test.com,123456
goshor795,goshor795@test.com,123456
goshor796,goshor796@test.com,123456
goshor797,goshor797@test.com,123456
goshor798,goshor798@test.com,123456
goshor799,goshor799@test.com,123456
goshor800,goshor800@test.com,123456
goshor801,goshor801@test.com,123456
goshor802,goshor802@test.com,123456
