username,email
goshor1,goshor1@test.com
goshor2,goshor2@test.com
goshor3,goshor3@test.com
goshor4,goshor4@test.com
goshor5,goshor5@test.com
goshor6,goshor6@test.com
goshor7,goshor7@test.com
goshor8,goshor8@test.com
goshor9,goshor9@test.com
goshor10,goshor10@test.com
goshor11,goshor11@test.com
goshor12,goshor12@test.com
goshor13,goshor13@test.com
goshor14,goshor14@test.com
goshor15,goshor15@test.com
goshor16,goshor16@test.com
goshor17,goshor17@test.com
goshor18,goshor18@test.com
goshor19,goshor19@test.com
goshor20,goshor20@test.com
goshor21,goshor21@test.com
goshor22,goshor22@test.com
goshor23,goshor23@test.com
goshor24,goshor24@test.com
goshor25,goshor25@test.com
goshor26,goshor26@test.com
goshor27,goshor27@test.com
goshor28,goshor28@test.com
goshor29,goshor29@test.com
goshor30,goshor30@test.com
goshor31,goshor31@test.com
goshor32,goshor32@test.com
goshor33,goshor33@test.com
goshor34,goshor34@test.com
goshor35,goshor35@test.com
goshor36,goshor36@test.com
goshor37,goshor37@test.com
goshor38,goshor38@test.com
goshor39,goshor39@test.com
goshor40,goshor40@test.com
goshor41,goshor41@test.com
goshor42,goshor42@test.com
goshor43,goshor43@test.com
goshor44,goshor44@test.com
goshor45,goshor45@test.com
goshor46,goshor46@test.com
goshor47,goshor47@test.com
goshor48,goshor48@test.com
goshor49,goshor49@test.com
goshor50,goshor50@test.com
goshor51,goshor51@test.com
goshor52,goshor52@test.com
goshor53,goshor53@test.com
goshor54,goshor54@test.com
goshor55,goshor55@test.com
goshor56,goshor56@test.com
goshor57,goshor57@test.com
goshor58,goshor58@test.com
goshor59,goshor59@test.com
goshor60,goshor60@test.com
goshor61,goshor61@test.com
goshor62,goshor62@test.com
goshor63,goshor63@test.com
goshor64,goshor64@test.com
goshor65,goshor65@test.com
goshor66,goshor66@test.com
goshor67,goshor67@test.com
goshor68,goshor68@test.com
goshor69,goshor69@test.com
goshor70,goshor70@test.com
goshor71,goshor71@test.com
goshor72,goshor72@test.com
goshor73,goshor73@test.com
goshor74,goshor74@test.com
goshor75,goshor75@test.com
goshor76,goshor76@test.com
goshor77,goshor77@test.com
goshor78,goshor78@test.com
goshor79,goshor79@test.com
goshor80,goshor80@test.com
goshor81,goshor81@test.com
goshor82,goshor82@test.com
goshor83,goshor83@test.com
goshor84,goshor84@test.com
goshor85,goshor85@test.com
goshor86,goshor86@test.com
goshor87,goshor87@test.com
goshor88,goshor88@test.com
goshor89,goshor89@test.com
goshor90,goshor90@test.com
goshor91,goshor91@test.com
goshor92,goshor92@test.com
goshor93,goshor93@test.com
goshor94,goshor94@test.com
goshor95,goshor95@test.com
goshor96,goshor96@test.com
goshor97,goshor97@test.com
goshor98,goshor98@test.com
goshor99,goshor99@test.com
goshor100,goshor100@test.com
goshor101,goshor101@test.com
goshor102,goshor102@test.com
goshor103,goshor103@test.com
goshor104,goshor104@test.com
goshor105,goshor105@test.com
goshor106,goshor106@test.com
goshor107,goshor107@test.com
goshor108,goshor108@test.com
goshor109,goshor109@test.com
goshor110,goshor110@test.com
goshor111,goshor111@test.com
goshor112,goshor112@test.com
goshor113,goshor113@test.com
goshor114,goshor114@test.com
goshor115,goshor115@test.com
goshor116,goshor116@test.com
goshor117,goshor117@test.com
goshor118,goshor118@test.com
goshor119,goshor119@test.com
goshor120,goshor120@test.com
goshor121,goshor121@test.com
goshor122,goshor122@test.com
goshor123,goshor123@test.com
goshor124,goshor124@test.com
goshor125,goshor125@test.com
goshor126,goshor126@test.com
goshor127,goshor127@test.com
goshor128,goshor128@test.com
goshor129,goshor129@test.com
goshor130,goshor130@test.com
goshor131,goshor131@test.com
goshor132,goshor132@test.com
goshor133,goshor133@test.com
goshor134,goshor134@test.com
goshor135,goshor135@test.com
goshor136,goshor136@test.com
goshor137,goshor137@test.com
goshor138,goshor138@test.com
goshor139,goshor139@test.com
goshor140,goshor140@test.com
goshor141,goshor141@test.com
goshor142,goshor142@test.com
goshor143,goshor143@test.com
goshor144,goshor144@test.com
goshor145,goshor145@test.com
goshor146,goshor146@test.com
goshor147,goshor147@test.com
goshor148,goshor148@test.com
goshor149,goshor149@test.com
goshor150,goshor150@test.com
goshor151,goshor151@test.com
goshor152,goshor152@test.com
goshor153,goshor153@test.com
goshor154,goshor154@test.com
goshor155,goshor155@test.com
goshor156,goshor156@test.com
goshor157,goshor157@test.com
goshor158,goshor158@test.com
goshor159,goshor159@test.com
goshor160,goshor160@test.com
goshor161,goshor161@test.com
goshor162,goshor162@test.com
goshor163,goshor163@test.com
goshor164,goshor164@test.com
goshor165,goshor165@test.com
goshor166,goshor166@test.com
goshor167,goshor167@test.com
goshor168,goshor168@test.com
goshor169,goshor169@test.com
goshor170,goshor170@test.com
goshor171,goshor171@test.com
goshor172,goshor172@test.com
goshor173,goshor173@test.com
goshor174,goshor174@test.com
goshor175,goshor175@test.com
goshor176,goshor176@test.com
goshor177,goshor177@test.com
goshor178,goshor178@test.com
goshor179,goshor179@test.com
goshor180,goshor180@test.com
goshor181,goshor181@test.com
goshor182,goshor182@test.com
goshor183,goshor183@test.com
goshor184,goshor184@test.com
goshor185,goshor185@test.com
goshor186,goshor186@test.com
goshor187,goshor187@test.com
goshor188,goshor188@test.com
goshor189,goshor189@test.com
goshor190,goshor190@test.com
goshor191,goshor191@test.com
goshor192,goshor192@test.com
goshor193,goshor193@test.com
goshor194,goshor194@test.com
goshor195,goshor195@test.com
goshor196,goshor196@test.com
goshor197,goshor197@test.com
goshor198,goshor198@test.com
goshor199,goshor199@test.com
goshor200,goshor200@test.com
goshor201,goshor201@test.com
goshor202,goshor202@test.com
goshor203,goshor203@test.com
goshor204,goshor204@test.com
goshor205,goshor205@test.com
goshor206,goshor206@test.com
goshor207,goshor207@test.com
goshor208,goshor208@test.com
goshor209,goshor209@test.com
goshor210,goshor210@test.com
goshor211,goshor211@test.com
goshor212,goshor212@test.com
goshor213,goshor213@test.com
goshor214,goshor214@test.com
goshor215,goshor215@test.com
goshor216,goshor216@test.com
goshor217,goshor217@test.com
goshor218,goshor218@test.com
goshor219,goshor219@test.com
goshor220,goshor220@test.com
goshor221,goshor221@test.com
goshor222,goshor222@test.com
goshor223,goshor223@test.com
goshor224,goshor224@test.com
goshor225,goshor225@test.com
goshor226,goshor226@test.com
goshor227,goshor227@test.com
goshor228,goshor228@test.com
goshor229,goshor229@test.com
goshor230,goshor230@test.com
goshor231,goshor231@test.com
goshor232,goshor232@test.com
goshor233,goshor233@test.com
goshor234,goshor234@test.com
goshor235,goshor235@test.com
goshor236,goshor236@test.com
goshor237,goshor237@test.com
goshor238,goshor238@test.com
goshor239,goshor239@test.com
goshor240,goshor240@test.com
goshor241,goshor241@test.com
goshor242,goshor242@test.com
goshor243,goshor243@test.com
goshor244,goshor244@test.com
goshor245,goshor245@test.com
goshor246,goshor246@test.com
goshor247,goshor247@test.com
goshor248,goshor248@test.com
goshor249,goshor249@test.com
goshor250,goshor250@test.com
goshor251,goshor251@test.com
goshor252,goshor252@test.com
goshor253,goshor253@test.com
goshor254,goshor254@test.com
goshor255,goshor255@test.com
goshor256,goshor256@test.com
goshor257,goshor257@test.com
goshor258,goshor258@test.com
goshor259,goshor259@test.com
goshor260,goshor260@test.com
goshor261,goshor261@test.com
goshor262,goshor262@test.com
goshor263,goshor263@test.com
goshor264,goshor264@test.com
goshor265,goshor265@test.com
goshor266,goshor266@test.com
goshor267,goshor267@test.com
goshor268,goshor268@test.com
goshor269,goshor269@test.com
goshor270,goshor270@test.com
goshor271,goshor271@test.com
goshor272,goshor272@test.com
goshor273,goshor273@test.com
goshor274,goshor274@test.com
goshor275,goshor275@test.com
goshor276,goshor276@test.com
goshor277,goshor277@test.com
goshor278,goshor278@test.com
goshor279,goshor279@test.com
goshor280,goshor280@test.com
goshor281,goshor281@test.com
goshor282,goshor282@test.com
goshor283,goshor283@test.com
goshor284,goshor284@test.com
goshor285,goshor285@test.com
goshor286,goshor286@test.com
goshor287,goshor287@test.com
goshor288,goshor288@test.com
goshor289,goshor289@test.com
goshor290,goshor290@test.com
goshor291,goshor291@test.com
goshor292,goshor292@test.com
goshor293,goshor293@test.com
goshor294,goshor294@test.com
goshor295,goshor295@test.com
goshor296,goshor296@test.com
goshor297,goshor297@test.com
goshor298,goshor298@test.com
goshor299,goshor299@test.com
goshor300,goshor300@test.com
goshor301,goshor301@test.com
goshor302,goshor302@test.com
goshor303,goshor303@test.com
goshor304,goshor304@test.com
goshor305,goshor305@test.com
goshor306,goshor306@test.com
goshor307,goshor307@test.com
goshor308,goshor308@test.com
goshor309,goshor309@test.com
goshor310,goshor310@test.com
goshor311,goshor311@test.com
goshor312,goshor312@test.com
goshor313,goshor313@test.com
goshor314,goshor314@test.com
goshor315,goshor315@test.com
goshor316,goshor316@test.com
goshor317,goshor317@test.com
goshor318,goshor318@test.com
goshor319,goshor319@test.com
goshor320,goshor320@test.com
goshor321,goshor321@test.com
goshor322,goshor322@test.com
goshor323,goshor323@test.com
goshor324,goshor324@test.com
goshor325,goshor325@test.com
goshor326,goshor326@test.com
goshor327,goshor327@test.com
goshor328,goshor328@test.com
goshor329,goshor329@test.com
goshor330,goshor330@test.com
goshor331,goshor331@test.com
goshor332,goshor332@test.com
goshor333,goshor333@test.com
goshor334,goshor334@test.com
goshor335,goshor335@test.com
goshor336,goshor336@test.com
goshor337,goshor337@test.com
goshor338,goshor338@test.com
goshor339,goshor339@test.com
goshor340,goshor340@test.com
goshor341,goshor341@test.com
goshor342,goshor342@test.com
goshor343,goshor343@test.com
goshor344,goshor344@test.com
goshor345,goshor345@test.com
goshor346,goshor346@test.com
goshor347,goshor347@test.com
goshor348,goshor348@test.com
goshor349,goshor349@test.com
goshor350,goshor350@test.com
goshor351,goshor351@test.com
goshor352,goshor352@test.com
goshor353,goshor353@test.com
goshor354,goshor354@test.com
goshor355,goshor355@test.com
goshor356,goshor356@test.com
goshor357,goshor357@test.com
goshor358,goshor358@test.com
goshor359,goshor359@test.com
goshor360,goshor360@test.com
goshor361,goshor361@test.com
goshor362,goshor362@test.com
goshor363,goshor363@test.com
goshor364,goshor364@test.com
goshor365,goshor365@test.com
goshor366,goshor366@test.com
goshor367,goshor367@test.com
goshor368,goshor368@test.com
goshor369,goshor369@test.com
goshor370,goshor370@test.com
goshor371,goshor371@test.com
goshor372,goshor372@test.com
goshor373,goshor373@test.com
goshor374,goshor374@test.com
goshor375,goshor375@test.com
goshor376,goshor376@test.com
goshor377,goshor377@test.com
goshor378,goshor378@test.com
goshor379,goshor379@test.com
goshor380,goshor380@test.com
goshor381,goshor381@test.com
goshor382,goshor382@test.com
goshor383,goshor383@test.com
goshor384,goshor384@test.com
goshor385,goshor385@test.com
goshor386,goshor386@test.com
goshor387,goshor387@test.com
goshor388,goshor388@test.com
goshor389,goshor389@test.com
goshor390,goshor390@test.com
goshor391,goshor391@test.com
goshor392,goshor392@test.com
goshor393,goshor393@test.com
goshor394,goshor394@test.com
goshor395,goshor395@test.com
goshor396,goshor396@test.com
goshor397,goshor397@test.com
goshor398,goshor398@test.com
goshor399,goshor399@test.com
goshor400,goshor400@test.com
goshor401,goshor401@test.com
goshor402,goshor402@test.com
goshor403,goshor403@test.com
goshor404,goshor404@test.com
goshor405,goshor405@test.com
goshor406,goshor406@test.com
goshor407,goshor407@test.com
goshor408,goshor408@test.com
goshor409,goshor409@test.com
goshor410,goshor410@test.com
goshor411,goshor411@test.com
goshor412,goshor412@test.com
goshor413,goshor413@test.com
goshor414,goshor414@test.com
goshor415,goshor415@test.com
goshor416,goshor416@test.com
goshor417,goshor417@test.com
goshor418,goshor418@test.com
goshor419,goshor419@test.com
goshor420,goshor420@test.com
goshor421,goshor421@test.com
goshor422,goshor422@test.com
goshor423,goshor423@test.com
goshor424,goshor424@test.com
goshor425,goshor425@test.com
goshor426,goshor426@test.com
goshor427,goshor427@test.com
goshor428,goshor428@test.com
goshor429,goshor429@test.com
goshor430,goshor430@test.com
goshor431,goshor431@test.com
goshor432,goshor432@test.com
goshor433,goshor433@test.com
goshor434,goshor434@test.com
goshor435,goshor435@test.com
goshor436,goshor436@test.com
goshor437,goshor437@test.com
goshor438,goshor438@test.com
goshor439,goshor439@test.com
goshor440,goshor440@test.com
goshor441,goshor441@test.com
goshor442,goshor442@test.com
goshor443,goshor443@test.com
goshor444,goshor444@test.com
goshor445,goshor445@test.com
goshor446,goshor446@test.com
goshor447,goshor447@test.com
goshor448,goshor448@test.com
goshor449,goshor449@test.com
goshor450,goshor450@test.com
goshor451,goshor451@test.com
goshor452,goshor452@test.com
goshor453,goshor453@test.com
goshor454,goshor454@test.com
goshor455,goshor455@test.com
goshor456,goshor456@test.com
goshor457,goshor457@test.com
goshor458,goshor458@test.com
goshor459,goshor459@test.com
goshor460,goshor460@test.com
goshor461,goshor461@test.com
goshor462,goshor462@test.com
goshor463,goshor463@test.com
goshor464,goshor464@test.com
goshor465,goshor465@test.com
goshor466,goshor466@test.com
goshor467,goshor467@test.com
goshor468,goshor468@test.com
goshor469,goshor469@test.com
goshor470,goshor470@test.com
goshor471,goshor471@test.com
goshor472,goshor472@test.com
goshor473,goshor473@test.com
goshor474,goshor474@test.com
goshor475,goshor475@test.com
goshor476,goshor476@test.com
goshor477,goshor477@test.com
goshor478,goshor478@test.com
goshor479,goshor479@test.com
goshor480,goshor480@test.com
goshor481,goshor481@test.com
goshor482,goshor482@test.com
goshor483,goshor483@test.com
goshor484,goshor484@test.com
goshor485,goshor485@test.com
goshor486,goshor486@test.com
goshor487,goshor487@test.com
goshor488,goshor488@test.com
goshor489,goshor489@test.com
goshor490,goshor490@test.com
goshor491,goshor491@test.com
goshor492,goshor492@test.com
goshor493,goshor493@test.com
goshor494,goshor494@test.com
goshor495,goshor495@test.com
goshor496,goshor496@test.com
goshor497,goshor497@test.com
goshor498,goshor498@test.com
goshor499,goshor499@test.com
goshor500,goshor500@test.com
goshor501,goshor501@test.com
goshor502,goshor502@test.com
goshor503,goshor503@test.com
goshor504,goshor504@test.com
goshor505,goshor505@test.com
goshor506,goshor506@test.com
goshor507,goshor507@test.com
goshor508,goshor508@test.com
goshor509,goshor509@test.com
goshor510,goshor510@test.com
goshor511,goshor511@test.com
goshor512,goshor512@test.com
goshor513,goshor513@test.com
goshor514,goshor514@test.com
goshor515,goshor515@test.com
goshor516,goshor516@test.com
goshor517,goshor517@test.com
goshor518,goshor518@test.com
goshor519,goshor519@test.com
goshor520,goshor520@test.com
goshor521,goshor521@test.com
goshor522,goshor522@test.com
goshor523,goshor523@test.com
goshor524,goshor524@test.com
goshor525,goshor525@test.com
goshor526,goshor526@test.com
goshor527,goshor527@test.com
goshor528,goshor528@test.com
goshor529,goshor529@test.com
goshor530,goshor530@test.com
goshor531,goshor531@test.com
goshor532,goshor532@test.com
goshor533,goshor533@test.com
goshor534,goshor534@test.com
goshor535,goshor535@test.com
goshor536,goshor536@test.com
goshor537,goshor537@test.com
goshor538,goshor538@test.com
goshor539,goshor539@test.com
goshor540,goshor540@test.com
goshor541,goshor541@test.com
goshor542,goshor542@test.com
goshor543,goshor543@test.com
goshor544,goshor544@test.com
goshor545,goshor545@test.com
goshor546,goshor546@test.com
goshor547,goshor547@test.com
goshor548,goshor548@test.com
goshor549,goshor549@test.com
goshor550,goshor550@test.com
goshor551,goshor551@test.com
goshor552,goshor552@test.com
goshor553,goshor553@test.com
goshor554,goshor554@test.com
goshor555,goshor555@test.com
goshor556,goshor556@test.com
goshor557,goshor557@test.com
goshor558,goshor558@test.com
goshor559,goshor559@test.com
goshor560,goshor560@test.com
goshor561,goshor561@test.com
goshor562,goshor562@test.com
goshor563,goshor563@test.com
goshor564,goshor564@test.com
goshor565,goshor565@test.com
goshor566,goshor566@test.com
goshor567,goshor567@test.com
goshor568,goshor568@test.com
goshor569,goshor569@test.com
goshor570,goshor570@test.com
goshor571,goshor571@test.com
goshor572,goshor572@test.com
goshor573,goshor573@test.com
goshor574,goshor574@test.com
goshor575,goshor575@test.com
goshor576,goshor576@test.com
goshor577,goshor577@test.com
goshor578,goshor578@test.com
goshor579,goshor579@test.com
goshor580,goshor580@test.com
goshor581,goshor581@test.com
goshor582,goshor582@test.com
goshor583,goshor583@test.com
goshor584,goshor584@test.com
goshor585,goshor585@test.com
goshor586,goshor586@test.com
goshor587,goshor587@test.com
goshor588,goshor588@test.com
goshor589,goshor589@test.com
goshor590,goshor590@test.com
goshor591,goshor591@test.com
goshor592,goshor592@test.com
goshor593,goshor593@test.com
goshor594,goshor594@test.com
goshor595,goshor595@test.com
goshor596,goshor596@test.com
goshor597,goshor597@test.com
goshor598,goshor598@test.com
goshor599,goshor599@test.com
goshor600,goshor600@test.com
goshor601,goshor601@test.com
goshor602,goshor602@test.com
goshor603,goshor603@test.com
goshor604,goshor604@test.com
goshor605,goshor605@test.com
goshor606,goshor606@test.com
goshor607,goshor607@test.com
goshor608,goshor608@test.com
goshor609,goshor609@test.com
goshor610,goshor610@test.com
goshor611,goshor611@test.com
goshor612,goshor612@test.com
goshor613,goshor613@test.com
goshor614,goshor614@test.com
goshor615,goshor615@test.com
goshor616,goshor616@test.com
goshor617,goshor617@test.com
goshor618,goshor618@test.com
goshor619,goshor619@test.com
goshor620,goshor620@test.com
goshor621,goshor621@test.com
goshor622,goshor622@test.com
goshor623,goshor623@test.com
goshor624,goshor624@test.com
goshor625,goshor625@test.com
goshor626,goshor626@test.com
goshor627,goshor627@test.com
goshor628,goshor628@test.com
goshor629,goshor629@test.com
goshor630,goshor630@test.com
goshor631,goshor631@test.com
goshor632,goshor632@test.com
goshor633,goshor633@test.com
goshor634,goshor634@test.com
goshor635,goshor635@test.com
goshor636,goshor636@test.com
goshor637,goshor637@test.com
goshor638,goshor638@test.com
goshor639,goshor639@test.com
goshor640,goshor640@test.com
goshor641,goshor641@test.com
goshor642,goshor642@test.com
goshor643,goshor643@test.com
goshor644,goshor644@test.com
goshor645,goshor645@test.com
goshor646,goshor646@test.com
goshor647,goshor647@test.com
goshor648,goshor648@test.com
goshor649,goshor649@test.com
goshor650,goshor650@test.com
goshor651,goshor651@test.com
goshor652,goshor652@test.com
goshor653,goshor653@test.com
goshor654,goshor654@test.com
goshor655,goshor655@test.com
goshor656,goshor656@test.com
goshor657,goshor657@test.com
goshor658,goshor658@test.com
goshor659,goshor659@test.com
goshor660,goshor660@test.com
goshor661,goshor661@test.com
goshor662,goshor662@test.com
goshor663,goshor663@test.com
goshor664,goshor664@test.com
goshor665,goshor665@test.com
goshor666,goshor666@test.com
goshor667,goshor667@test.com
goshor668,goshor668@test.com
goshor669,goshor669@test.com
goshor670,goshor670@test.com
goshor671,goshor671@test.com
goshor672,goshor672@test.com
goshor673,goshor673@test.com
goshor674,goshor674@test.com
goshor675,goshor675@test.com
goshor676,goshor676@test.com
goshor677,goshor677@test.com
goshor678,goshor678@test.com
goshor679,goshor679@test.com
goshor680,goshor680@test.com
goshor681,goshor681@test.com
goshor682,goshor682@test.com
goshor683,goshor683@test.com
goshor684,goshor684@test.com
goshor685,goshor685@test.com
goshor686,goshor686@test.com
goshor687,goshor687@test.com
goshor688,goshor688@test.com
goshor689,goshor689@test.com
goshor690,goshor690@test.com
goshor691,goshor691@test.com
goshor692,goshor692@test.com
goshor693,goshor693@test.com
goshor694,goshor694@test.com
goshor695,goshor695@test.com
goshor696,goshor696@test.com
goshor697,goshor697@test.com
goshor698,goshor698@test.com
goshor699,goshor699@test.com
goshor700,goshor700@test.com
goshor701,goshor701@test.com
goshor702,goshor702@test.com
goshor703,goshor703@test.com
goshor704,goshor704@test.com
goshor705,goshor705@test.com
goshor706,goshor706@test.com
goshor707,goshor707@test.com
goshor708,goshor708@test.com
goshor709,goshor709@test.com
goshor710,goshor710@test.com
goshor711,goshor711@test.com
goshor712,goshor712@test.com
goshor713,goshor713@test.com
goshor714,goshor714@test.com
goshor715,goshor715@test.com
goshor716,goshor716@test.com
goshor717,goshor717@test.com
goshor718,goshor718@test.com
goshor719,goshor719@test.com
goshor720,goshor720@test.com
goshor721,goshor721@test.com
goshor722,goshor722@test.com
goshor723,goshor723@test.com
goshor724,goshor724@test.com
goshor725,goshor725@test.com
goshor726,goshor726@test.com
goshor727,goshor727@test.com
goshor728,goshor728@test.com
goshor729,goshor729@test.com
goshor730,goshor730@test.com
goshor731,goshor731@test.com
goshor732,goshor732@test.com
goshor733,goshor733@test.com
goshor734,goshor734@test.com
goshor735,goshor735@test.com
goshor736,goshor736@test.com
goshor737,goshor737@test.com
goshor738,goshor738@test.com
goshor739,goshor739@test.com
goshor740,goshor740@test.com
goshor741,goshor741@test.com
goshor742,goshor742@test.com
goshor743,goshor743@test.com
goshor744,goshor744@test.com
goshor745,goshor745@test.com
goshor746,goshor746@test.com
goshor747,goshor747@test.com
goshor748,goshor748@test.com
goshor749,goshor749@test.com
goshor750,goshor750@test.com
goshor751,goshor751@test.com
goshor752,goshor752@test.com
goshor753,goshor753@test.com
goshor754,goshor754@test.com
goshor755,goshor755@test.com
goshor756,goshor756@test.com
goshor757,goshor757@test.com
goshor758,goshor758@test.com
goshor759,goshor759@test.com
goshor760,goshor760@test.com
goshor761,goshor761@test.com
goshor762,goshor762@test.com
goshor763,goshor763@test.com
goshor764,goshor764@test.com
goshor765,goshor765@test.com
goshor766,goshor766@test.com
goshor767,goshor767@test.com
goshor768,goshor768@test.com
goshor769,goshor769@test.com
goshor770,goshor770@test.com
goshor771,goshor771@test.com
goshor772,goshor772@test.com
goshor773,goshor773@test.com
goshor774,goshor774@test.com
goshor775,goshor775@test.com
goshor776,goshor776@test.com
goshor777,goshor777@test.com
goshor778,goshor778@test.com
goshor779,goshor779@test.com
goshor780,goshor780@test.com
goshor781,goshor781@test.com
goshor782,goshor782@test.com
goshor783,goshor783@test.com
goshor784,goshor784@test.com
goshor785,goshor785@test.com
goshor786,goshor786@test.com
goshor787,goshor787@test.com
goshor788,goshor788@test.com
goshor789,goshor789@test.com
goshor790,goshor790@test.com
goshor791,goshor791@test.com
goshor792,goshor792@test.com
goshor793,goshor793@test.com
goshor794,goshor794@test.com
goshor795,goshor795@test.com
goshor796,goshor796@test.com
goshor797,goshor797@test.com
goshor798,goshor798@test.com
goshor799,goshor799@test.com
goshor800,goshor800@test.com
goshor801,goshor801@test.com
goshor802,goshor802@test.com
goshor803,goshor803@test.com
goshor804,goshor804@test.com
goshor805,goshor805@test.com
goshor806,goshor806@test.com
goshor807,goshor807@test.com
goshor808,goshor808@test.com
goshor809,goshor809@test.com
goshor810,goshor810@test.com
goshor811,goshor811@test.com
goshor812,goshor812@test.com
goshor813,goshor813@test.com
goshor814,goshor814@test.com
goshor815,goshor815@test.com
goshor816,goshor816@test.com
goshor817,goshor817@test.com
goshor818,goshor818@test.com
goshor819,goshor819@test.com
goshor820,goshor820@test.com
goshor821,goshor821@test.com
goshor822,goshor822@test.com
goshor823,goshor823@test.com
goshor824,goshor824@test.com
goshor825,goshor825@test.com
goshor826,goshor826@test.com
goshor827,goshor827@test.com
goshor828,goshor828@test.com
goshor829,goshor829@test.com
goshor830,goshor830@test.com
goshor831,goshor831@test.com
goshor832,goshor832@test.com
goshor833,goshor833@test.com
goshor834,goshor834@test.com
goshor835,goshor835@test.com
goshor836,goshor836@test.com
goshor837,goshor837@test.com
goshor838,goshor838@test.com
goshor839,goshor839@test.com
goshor840,goshor840@test.com
goshor841,goshor841@test.com
goshor842,goshor842@test.com
goshor843,goshor843@test.com
goshor844,goshor844@test.com
goshor845,goshor845@test.com
goshor846,goshor846@test.com
goshor847,goshor847@test.com
goshor848,goshor848@test.com
goshor849,goshor849@test.com
goshor850,goshor850@test.com
goshor851,goshor851@test.com
goshor852,goshor852@test.com
goshor853,goshor853@test.com
goshor854,goshor854@test.com
goshor855,goshor855@test.com
goshor856,goshor856@test.com
goshor857,goshor857@test.com
goshor858,goshor858@test.com
goshor859,goshor859@test.com
goshor860,goshor860@test.com
goshor861,goshor861@test.com
goshor862,goshor862@test.com
goshor863,goshor863@test.com
goshor864,goshor864@test.com
goshor865,goshor865@test.com
goshor866,goshor866@test.com
goshor867,goshor867@test.com
goshor868,goshor868@test.com
goshor869,goshor869@test.com
goshor870,goshor870@test.com
goshor871,goshor871@test.com
goshor872,goshor872@test.com
goshor873,goshor873@test.com
goshor874,goshor874@test.com
goshor875,goshor875@test.com
goshor876,goshor876@test.com
goshor877,goshor877@test.com
goshor878,goshor878@test.com
goshor879,goshor879@test.com
goshor880,goshor880@test.com
goshor881,goshor881@test.com
goshor882,goshor882@test.com
goshor883,goshor883@test.com
goshor884,goshor884@test.com
goshor885,goshor885@test.com
goshor886,goshor886@test.com
goshor887,goshor887@test.com
goshor888,goshor888@test.com
goshor889,goshor889@test.com
goshor890,goshor890@test.com
goshor891,goshor891@test.com
goshor892,goshor892@test.com
goshor893,goshor893@test.com
goshor894,goshor894@test.com
goshor895,goshor895@test.com
goshor896,goshor896@test.com
goshor897,goshor897@test.com
goshor898,goshor898@test.com
goshor899,goshor899@test.com
goshor900,goshor900@test.com
goshor901,goshor901@test.com
goshor902,goshor902@test.com
goshor903,goshor903@test.com
goshor904,goshor904@test.com
goshor905,goshor905@test.com
goshor906,goshor906@test.com
goshor907,goshor907@test.com
goshor908,goshor908@test.com
goshor909,goshor909@test.com
goshor910,goshor910@test.com
goshor911,goshor911@test.com
goshor912,goshor912@test.com
goshor913,goshor913@test.com
goshor914,goshor914@test.com
goshor915,goshor915@test.com
goshor916,goshor916@test.com
goshor917,goshor917@test.com
goshor918,goshor918@test.com
goshor919,goshor919@test.com
goshor920,goshor920@test.com
goshor921,goshor921@test.com
goshor922,goshor922@test.com
goshor923,goshor923@test.com
goshor924,goshor924@test.com
goshor925,goshor925@test.com
goshor926,goshor926@test.com
goshor927,goshor927@test.com
goshor928,goshor928@test.com
goshor929,goshor929@test.com
goshor930,goshor930@test.com
goshor931,goshor931@test.com
goshor932,goshor932@test.com
goshor933,goshor933@test.com
goshor934,goshor934@test.com
goshor935,goshor935@test.com
goshor936,goshor936@test.com
goshor937,goshor937@test.com
goshor938,goshor938@test.com
goshor939,goshor939@test.com
goshor940,goshor940@test.com
goshor941,goshor941@test.com
goshor942,goshor942@test.com
goshor943,goshor943@test.com
goshor944,goshor944@test.com
goshor945,goshor945@test.com
goshor946,goshor946@test.com
goshor947,goshor947@test.com
goshor948,goshor948@test.com
goshor949,goshor949@test.com
goshor950,goshor950@test.com
goshor951,goshor951@test.com
goshor952,goshor952@test.com
goshor953,goshor953@test.com
goshor954,goshor954@test.com
goshor955,goshor955@test.com
goshor956,goshor956@test.com
goshor957,goshor957@test.com
goshor958,goshor958@test.com
goshor959,goshor959@test.com
goshor960,goshor960@test.com
goshor961,goshor961@test.com
goshor962,goshor962@test.com
goshor963,goshor963@test.com
goshor964,goshor964@test.com
goshor965,goshor965@test.com
goshor966,goshor966@test.com
goshor967,goshor967@test.com
goshor968,goshor968@test.com
goshor969,goshor969@test.com
goshor970,goshor970@test.com
goshor971,goshor971@test.com
goshor972,goshor972@test.com
goshor973,goshor973@test.com
goshor974,goshor974@test.com
goshor975,goshor975@test.com
goshor976,goshor976@test.com
goshor977,goshor977@test.com
goshor978,goshor978@test.com
goshor979,goshor979@test.com
goshor980,goshor980@test.com
goshor981,goshor981@test.com
goshor982,goshor982@test.com
goshor983,goshor983@test.com
goshor984,goshor984@test.com
goshor985,goshor985@test.com
goshor986,goshor986@test.com
goshor987,goshor987@test.com
goshor988,goshor988@test.com
goshor989,goshor989@test.com
goshor990,goshor990@test.com
goshor991,goshor991@test.com
goshor992,goshor992@test.com
goshor993,goshor993@test.com
goshor994,goshor994@test.com
goshor995,goshor995@test.com
goshor996,goshor996@test.com
goshor997,goshor997@test.com
goshor998,goshor998@test.com
goshor999,goshor999@test.com
goshor1000,goshor1000@test.com
